Site,CentioidLongitude,CentrioidLatitude
1,-41.48468,-22.20753
2,-41.48694,-22.20726
3,-41.49022,-22.20689
4,-41.49446,-22.20566
5,-41.52866,-22.22375
6,-41.58576,-22.22238
7,-41.69346,-22.30068
8,-42.04312,-22.95131
9,-42.88754,-22.94724
10,-45.29121,-23.73753